Ticker,Price,TA Signal,ML Pred %,Sentiment,Option Type,Strike,Exp,Last Price,Score
AMZN,198.79,Bearish,-3.55%,Neutral,Put,210.0,2026-03-27,15.05,1.26
MSFT,401.32,Bearish,-1.91%,Positive,Put,425.0,2026-03-27,27.58,0.85
TSM,366.36,Bullish,-2.60%,Positive,Put,390.0,2026-03-27,31.1,0.25
GOOG,306.02,Bearish,3.13%,Positive,Call,290.0,2026-03-27,24.8,0.13
V,314.08,Bearish,5.71%,Neutral,Call,325.0,2026-03-27,6.95,0.03
AAPL,255.78,Bearish,2.38%,Positive,Call,240.0,2026-03-27,22.75,-0.17
CAT,774.2,Bullish,-2.20%,Positive,Put,800.0,2026-03-27,48.4,-0.35
META,639.77,Bearish,0.63%,Neutral,Put,700.0,2026-03-27,65.18,-0.43
TSLA,417.44,Neutral,0.01%,Neutral,Put,450.0,2026-03-27,40.1,-0.73
LLY,1040.0,Bearish,0.10%,Positive,Put,1110.0,2026-03-27,98.35,-0.81
KO,78.68,Bullish,-0.16%,Positive,Call,76.0,2026-03-27,3.35,-0.88
CVX,183.74,Bullish,-0.02%,Neutral,Put,190.0,2026-03-27,9.09,-0.89
JNJ,243.45,Bullish,-0.27%,Positive,Put,225.0,2026-03-27,1.58,-1.1
XOM,148.45,Bullish,-0.01%,Neutral,Put,152.5,2026-03-27,5.78,-1.13
BAC,52.55,Bearish,1.09%,Neutral,Call,50.0,2026-03-27,4.47,-1.15
JPM,302.55,Bearish,0.81%,Neutral,Put,320.0,2026-03-27,22.33,-1.2
NVDA,182.81,Neutral,0.44%,Positive,Call,170.0,2026-03-27,20.4,-1.92
MU,411.66,Neutral,-1.78%,Neutral,Put,430.0,2026-03-27,51.23,-1.95
AVGO,325.17,Neutral,3.10%,Positive,Call,320.0,2026-03-27,34.55,-2.05
AMD,207.32,Bearish,2.03%,Neutral,Call,200.0,2026-03-27,20.48,-2.08
WMT,133.89,Bullish,-0.67%,Positive,Put,134.0,2026-03-27,5.95,-2.13
MA,518.36,Bearish,3.56%,Neutral,Call,530.0,2026-03-27,15.7,-2.24
COST,1018.48,Bullish,0.13%,Neutral,Put,970.0,2026-03-27,17.12,-2.4
PG,160.07,Bullish,-0.14%,Neutral,Put,150.0,2026-03-27,1.12,-2.48
HD,391.05,Bullish,0.86%,Neutral,Call,395.0,2026-03-27,13.67,-2.64
ASML,1406.61,Neutral,-0.87%,Neutral,Put,1315.0,2026-03-27,42.0,-3.09
BRK-B,497.55,Bullish,0.22%,Positive,Call,495.0,2026-03-27,16.16,-3.31
ABBV,231.5,Bullish,-1.76%,Neutral,Put,225.0,2026-03-27,5.65,-3.33
BABA,155.73,Bearish,1.91%,Neutral,Call,165.0,2026-03-27,6.46,-3.33
ORCL,160.14,Neutral,-1.22%,Positive,Put,160.0,2026-03-27,14.35,-4.36
