{
  "trading": {
    "symbols": ["BTC-USD", "MKR-USD", "BNB-USD", "LTC-USD"],
    "initial_capital": 10000,
    "max_position_size": 0.25,
    "stop_loss_pct": 0.03,
    "take_profit_pct": 0.08,
    "max_daily_loss_pct": 0.05,
    "max_drawdown_pct": 0.15,
    "min_trade_size_usd": 100,
    "cash_reserve_pct": 0.20
  },
  "data": {
    "data_dir": "./data",
    "interval": "1h",
    "lookback_periods": 200,
    "historical_period": "2y"
  },
  "models": {
    "models_dir": "./models",
    "scaler_type": "standard",
    "ensemble_weights": {
      "random_forest": 0.4,
      "xgboost": 0.4,
      "gradient_boosting": 0.2
    },
    "confidence_threshold": 0.70
  },
  "features": {
    "forward_periods": 5,
    "label_threshold": 0.02,
    "use_sentiment": true,
    "technical_indicators": {
      "trend": ["sma_20", "sma_50", "sma_200", "ema_12", "ema_26", "macd"],
      "momentum": ["rsi_14", "stoch", "roc"],
      "volatility": ["bollinger_bands", "atr_14"],
      "volume": ["obv", "volume_sma", "vwap"]
    }
  },
  "ml_hyperparameters": {
    "random_forest": {
      "n_estimators": 200,
      "max_depth": 15,
      "random_state": 42,
      "class_weight": "balanced"
    },
    "xgboost": {
      "n_estimators": 200,
      "max_depth": 10,
      "learning_rate": 0.1,
      "random_state": 42
    },
    "gradient_boosting": {
      "n_estimators": 100,
      "max_depth": 5,
      "learning_rate": 0.1,
      "random_state": 42
    }
  },
  "backtesting": {
    "test_size": 0.2,
    "shuffle": false,
    "random_state": 42,
    "walk_forward": true,
    "train_months": 12,
    "test_months": 3
  },
  "logging": {
    "log_dir": "./logs",
    "log_level": "INFO",
    "log_trades": true,
    "log_signals": true,
    "log_performance": true
  },
  "alerts": {
    "enable_alerts": false,
    "alert_on_trade": true,
    "alert_on_stop_loss": true,
    "alert_on_take_profit": true,
    "alert_on_error": true
  },
  "api": {
    "binance_testnet": false,
    "rate_limit": true,
    "timeout": 30
  }
}
